"abbeville","abbeville"
"aberdeen","aberdeen"
"abilene","abilene"
"abingdon","abingdon"
"abington","abington"
"acoma","acoma"
"ada","ada"
"adams","adams"
"adrian","adrian"
"aiken","aiken"
"ajo","ajo"
"akron","akron"
"alabama","alabama"
"alameda","alameda"
"alamogordo","alamogordo"
"alamosa","alamosa"
"alaska","alaska"
"albany","albany"
"albert lea","albert lea"
"albuquerque","albuquerque"
"alcoa","alcoa"
"alexander city","alexander city"
"alexandria","alexandria"
"alhambra","alhambra"
"aliquippa","aliquippa"
"allentown","allentown"
"alliance","alliance"
"alma","alma"
"alpine","alpine"
"alta","alta"
"alton","alton"
"altoona","altoona"
"altus","altus"
"alva","alva"
"amana colonies","amana colonies"
"amarillo","amarillo"
"ambridge","ambridge"
"american fork","american fork"
"americus","americus"
"ames","ames"
"amesbury","amesbury"
"amherst","amherst"
"amsterdam","amsterdam"
"anaconda","anaconda"
"anacortes","anacortes"
"anadarko","anadarko"
"anaheim","anaheim"
"anchorage","anchorage"
"andalusia","andalusia"
"anderson","anderson"
"andersonville","andersonville"
"andover","andover"
"ann arbor","ann arbor"
"annapolis","annapolis"
"anniston","anniston"
"ansonia","ansonia"
"antioch","antioch"
"apalachicola","apalachicola"
"appleton","appleton"
"arcadia","arcadia"
"ardmore","ardmore"
"arizona","arizona"
"arkadelphia","arkadelphia"
"arkansas","arkansas"
"arkansas city","arkansas city"
"arkansas post","arkansas post"
"arlington","arlington"
"arlington heights","arlington heights"
"artesia","artesia"
"arthur","arthur"
"asbury park","asbury park"
"asheboro","asheboro"
"asheville","asheville"
"ashland","ashland"
"ashtabula","ashtabula"
"aspen","aspen"
"astoria","astoria"
"atchison","atchison"
"athens","athens"
"athol","athol"
"atlanta","atlanta"
"atlantic city","atlantic city"
"atmore","atmore"
"attleboro","attleboro"
"auburn","auburn"
"augusta","augusta"
"aurora","aurora"
"austin","austin"
"avondale","avondale"
"babylon","babylon"
"bainbridge","bainbridge"
"baker city","baker city"
"bakersfield","bakersfield"
"baltimore","baltimore"
"bangor","bangor"
"bar harbor","bar harbor"
"baraboo","baraboo"
"barberton","barberton"
"barbourville","barbourville"
"bardstown","bardstown"
"barnstable","barnstable"
"barre","barre"
"barrington","barrington"
"barstow","barstow"
"bartlesville","bartlesville"
"bartow","bartow"
"bastrop","bastrop"
"batavia","batavia"
"batesville","batesville"
"bath","bath"
"baton rouge","baton rouge"
"battle creek","battle creek"
"bay city","bay city"
"bay saint louis","bay saint louis"
"bayonne","bayonne"
"baytown","baytown"
"beacon","beacon"
"beatrice","beatrice"
"beaufort","beaufort"
"beaumont","beaumont"
"beaverton","beaverton"
"beckley","beckley"
"bedford","bedford"
"belen","belen"
"belfast","belfast"
"belle fourche","belle fourche"
"belle glade","belle glade"
"bellefontaine","bellefontaine"
"belleville","belleville"
"bellevue","bellevue"
"bellingham","bellingham"
"bellows falls","bellows falls"
"belmont","belmont"
"beloit","beloit"
"belvidere","belvidere"
"bemidji","bemidji"
"bend","bend"
"bennington","bennington"
"benton","benton"
"benton harbor","benton harbor"
"berea","berea"
"berkeley","berkeley"
"berlin","berlin"
"bessemer","bessemer"
"bethany","bethany"
"bethesda chevy chase","bethesda chevy chase"
"bethlehem","bethlehem"
"beverly","beverly"
"beverly hills","beverly hills"
"biddeford","biddeford"
"big spring","big spring"
"billings","billings"
"biloxi","biloxi"
"binghamton","binghamton"
"birmingham","birmingham"
"bisbee","bisbee"
"bismarck","bismarck"
"blackfoot","blackfoot"
"blairsville","blairsville"
"bloomfield","bloomfield"
"bloomfield hills","bloomfield hills"
"bloomington","bloomington"
"bloomsburg","bloomsburg"
"bluefield","bluefield"
"blytheville","blytheville"
"boca raton","boca raton"
"bogalusa","bogalusa"
"boise","boise"
"bonners ferry","bonners ferry"
"boone","boone"
"boonesborough","boonesborough"
"boonville","boonville"
"boothbay harbor","boothbay harbor"
"bordentown","bordentown"
"borger","borger"
"bossier city","bossier city"
"boston","boston"
"boulder","boulder"
"boulder city","boulder city"
"bound brook","bound brook"
"bountiful","bountiful"
"bourne","bourne"
"bowie","bowie"
"bowling green","bowling green"
"boys town","boys town"
"bozeman","bozeman"
"bradenton","bradenton"
"bradford","bradford"
"brainerd","brainerd"
"braintree","braintree"
"branford","branford"
"branson","branson"
"brattleboro","brattleboro"
"brea","brea"
"breckenridge","breckenridge"
"bremerton","bremerton"
"bridgeport","bridgeport"
"bridgeton","bridgeton"
"brigham city","brigham city"
"brighton","brighton"
"bristol","bristol"
"brockton","brockton"
"bronx","bronx"
"brookfield","brookfield"
"brookings","brookings"
"brookline","brookline"
"brooklyn","brooklyn"
"brownsville","brownsville"
"brunswick","brunswick"
"bryan","bryan"
"buckhannon","buckhannon"
"buena park","buena park"
"buffalo","buffalo"
"burbank","burbank"
"burlington","burlington"
"burns","burns"
"butte","butte"
"cadillac","cadillac"
"cahokia","cahokia"
"cairo","cairo"
"calais","calais"
"caldwell","caldwell"
"calexico","calexico"
"calhoun","calhoun"
"california","california"
"calistoga","calistoga"
"calumet city","calumet city"
"cambridge","cambridge"
"camden","camden"
"campbellsville","campbellsville"
"canon city","canon city"
"canton","canton"
"canyon","canyon"
"cape coral","cape coral"
"cape girardeau","cape girardeau"
"cape may","cape may"
"carbondale","carbondale"
"caribou","caribou"
"carlinville","carlinville"
"carlisle","carlisle"
"carlsbad","carlsbad"
"carmel","carmel"
"carrollton","carrollton"
"carson city","carson city"
"carthage","carthage"
"casa grande","casa grande"
"casper","casper"
"castine","castine"
"catonsville","catonsville"
"cedar city","cedar city"
"cedar falls","cedar falls"
"cedar rapids","cedar rapids"
"central city","central city"
"central falls","central falls"
"centralia","centralia"
"chadron","chadron"
"chambersburg","chambersburg"
"champaign","champaign"
"chandler","chandler"
"chanute","chanute"
"chapel hill","chapel hill"
"charles city","charles city"
"charles town","charles town"
"charleston","charleston"
"charlestown","charlestown"
"charlevoix","charlevoix"
"charlotte","charlotte"
"charlottesville","charlottesville"
"chattanooga","chattanooga"
"chautauqua","chautauqua"
"cheboygan","cheboygan"
"cheektowaga","cheektowaga"
"chelmsford","chelmsford"
"chelsea","chelsea"
"cherokee","cherokee"
"chesapeake","chesapeake"
"chester","chester"
"cheyenne","cheyenne"
"chicago","chicago"
"chicago heights","chicago heights"
"chickasaw","chickasaw"
"chickasha","chickasha"
"chico","chico"
"chicopee","chicopee"
"chillicothe","chillicothe"
"chula vista","chula vista"
"cicero","cicero"
"cincinnati","cincinnati"
"clanton","clanton"
"claremont","claremont"
"claremore","claremore"
"clarksburg","clarksburg"
"clarksdale","clarksdale"
"clarksville","clarksville"
"clayton","clayton"
"clearfield","clearfield"
"clearwater","clearwater"
"cleburne","cleburne"
"cleveland","cleveland"
"cleveland heights","cleveland heights"
"clifton","clifton"
"climax","climax"
"clinton","clinton"
"clovis","clovis"
"cocoa beach","cocoa beach"
"cocoa rockledge","cocoa rockledge"
"cody","cody"
"coeur d’alene","coeur d’alene"
"coffeyville","coffeyville"
"cohasset","cohasset"
"cohoes","cohoes"
"college park","college park"
"college station","college station"
"collinsville","collinsville"
"colorado","colorado"
"colorado springs","colorado springs"
"columbia","columbia"
"columbus","columbus"
"compton","compton"
"concord","concord"
"coney island","coney island"
"conneaut","conneaut"
"connecticut","connecticut"
"connersville","connersville"
"conway","conway"
"cookeville","cookeville"
"cooperstown","cooperstown"
"coos bay","coos bay"
"coral gables","coral gables"
"cordova","cordova"
"corinth","corinth"
"corning","corning"
"corona","corona"
"coronado","coronado"
"corpus christi","corpus christi"
"cortez","cortez"
"cortland","cortland"
"corvallis","corvallis"
"corydon","corydon"
"costa mesa","costa mesa"
"coulee dam","coulee dam"
"council bluffs","council bluffs"
"council grove","council grove"
"coupeville","coupeville"
"coventry","coventry"
"covington","covington"
"cranford","cranford"
"cranston","cranston"
"crawfordsville","crawfordsville"
"cripple creek","cripple creek"
"crookston","crookston"
"crossett","crossett"
"crown point","crown point"
"crystal city","crystal city"
"cullman","cullman"
"culver city","culver city"
"cumberland","cumberland"
"cushing","cushing"
"custer","custer"
"cuyahoga falls","cuyahoga falls"
"dahlonega","dahlonega"
"dallas","dallas"
"dalton","dalton"
"daly city","daly city"
"danbury","danbury"
"danvers","danvers"
"danville","danville"
"darien","darien"
"darlington","darlington"
"dartmouth","dartmouth"
"davenport","davenport"
"davis","davis"
"dayton","dayton"
"daytona beach","daytona beach"
"de land","de land"
"de smet","de smet"
"deadwood","deadwood"
"dearborn","dearborn"
"decatur","decatur"
"dedham","dedham"
"deerfield beach","deerfield beach"
"defiance","defiance"
"dekalb","dekalb"
"del rio","del rio"
"delaware","delaware"
"delray beach","delray beach"
"delta","delta"
"deming","deming"
"demopolis","demopolis"
"denison","denison"
"dennis","dennis"
"denton","denton"
"denver","denver"
"derby","derby"
"derry","derry"
"des moines","des moines"
"des plaines","des plaines"
"detroit","detroit"
"devils lake","devils lake"
"dickinson","dickinson"
"dillon","dillon"
"dixon","dixon"
"dodge city","dodge city"
"dothan","dothan"
"douglas","douglas"
"dover","dover"
"downey","downey"
"dubuque","dubuque"
"duluth","duluth"
"duncan","duncan"
"dunkirk","dunkirk"
"durango","durango"
"durant","durant"
"durham","durham"
"duxbury","duxbury"
"eagle pass","eagle pass"
"east aurora","east aurora"
"east chicago","east chicago"
"east cleveland","east cleveland"
"east greenwich","east greenwich"
"east hampton","east hampton"
"east hartford","east hartford"
"east haven","east haven"
"east lansing","east lansing"
"east liverpool","east liverpool"
"east moline","east moline"
"east orange","east orange"
"east point","east point"
"east providence","east providence"
"east saint louis","east saint louis"
"eastchester","eastchester"
"eastham","eastham"
"easton","easton"
"eastpointe","eastpointe"
"eastport","eastport"
"eau claire","eau claire"
"ecorse","ecorse"
"edenton","edenton"
"edgartown","edgartown"
"edinburg","edinburg"
"edison","edison"
"edmond","edmond"
"effingham","effingham"
"el centro","el centro"
"el cerrito","el cerrito"
"el dorado","el dorado"
"el monte","el monte"
"el paso","el paso"
"el reno","el reno"
"elgin","elgin"
"elizabeth","elizabeth"
"elizabeth city","elizabeth city"
"elizabethton","elizabethton"
"elizabethtown","elizabethtown"
"elk city","elk city"
"elkhart","elkhart"
"elkins","elkins"
"elko","elko"
"elkton","elkton"
"ellensburg","ellensburg"
"ellsworth","ellsworth"
"elmhurst","elmhurst"
"elmira","elmira"
"elwood","elwood"
"ely","ely"
"elyria","elyria"
"emmitsburg","emmitsburg"
"emporia","emporia"
"enfield","enfield"
"englewood","englewood"
"enid","enid"
"enterprise","enterprise"
"ephrata","ephrata"
"erie","erie"
"escanaba","escanaba"
"escondido","escondido"
"essex","essex"
"estes park","estes park"
"estherville","estherville"
"euclid","euclid"
"eufaula","eufaula"
"eugene","eugene"
"eureka","eureka"
"evanston","evanston"
"evansville","evansville"
"eveleth","eveleth"
"everett","everett"
"excelsior springs","excelsior springs"
"exeter","exeter"
"fairbanks","fairbanks"
"fairfax","fairfax"
"fairfield","fairfield"
"fairhaven","fairhaven"
"fairmont","fairmont"
"fall river","fall river"
"fallon","fallon"
"falls church","falls church"
"falmouth","falmouth"
"fargo","fargo"
"faribault","faribault"
"farmington","farmington"
"fayetteville","fayetteville"
"fergus falls","fergus falls"
"ferguson","ferguson"
"fernandina beach","fernandina beach"
"fillmore","fillmore"
"findlay","findlay"
"fitchburg","fitchburg"
"fitzgerald","fitzgerald"
"flagstaff","flagstaff"
"flint","flint"
"florence","florence"
"florida","florida"
"florissant","florissant"
"flushing","flushing"
"fond du lac","fond du lac"
"fontana","fontana"
"forest hills","forest hills"
"forrest city","forrest city"
"fort benton","fort benton"
"fort collins","fort collins"
"fort dodge","fort dodge"
"fort kent","fort kent"
"fort lauderdale","fort lauderdale"
"fort lee","fort lee"
"fort morgan","fort morgan"
"fort myers","fort myers"
"fort payne","fort payne"
"fort pierce","fort pierce"
"fort scott","fort scott"
"fort smith","fort smith"
"fort valley","fort valley"
"fort walton beach","fort walton beach"
"fort wayne","fort wayne"
"fort worth","fort worth"
"framingham","framingham"
"frankfort","frankfort"
"franklin","franklin"
"frederick","frederick"
"fredericksburg","fredericksburg"
"fredonia","fredonia"
"freeport","freeport"
"fremont","fremont"
"french lick","french lick"
"fresno","fresno"
"fullerton","fullerton"
"fulton","fulton"
"gadsden","gadsden"
"gaffney","gaffney"
"gainesville","gainesville"
"galena","galena"
"galesburg","galesburg"
"gallatin","gallatin"
"gallipolis","gallipolis"
"gallup","gallup"
"galveston","galveston"
"garden city","garden city"
"garden grove","garden grove"
"gardiner","gardiner"
"garland","garland"
"gary","gary"
"gastonia","gastonia"
"gatlinburg","gatlinburg"
"geneva","geneva"
"genoa","genoa"
"georgetown","georgetown"
"georgia","georgia"
"germantown","germantown"
"gettysburg","gettysburg"
"gila bend","gila bend"
"gillette","gillette"
"glassboro","glassboro"
"glen ellyn","glen ellyn"
"glendale","glendale"
"glendive","glendive"
"glens falls","glens falls"
"glenview","glenview"
"glenwood springs","glenwood springs"
"globe","globe"
"gloucester","gloucester"
"gloversville","gloversville"
"golden","golden"
"goldfield","goldfield"
"goldsboro","goldsboro"
"goliad","goliad"
"goshen","goshen"
"grafton","grafton"
"grand forks","grand forks"
"grand haven","grand haven"
"grand island","grand island"
"grand junction","grand junction"
"grand rapids","grand rapids"
"granite city","granite city"
"grants","grants"
"grants pass","grants pass"
"grayling","grayling"
"great barrington","great barrington"
"great bend","great bend"
"great falls","great falls"
"great neck","great neck"
"greeley","greeley"
"green bay","green bay"
"green river","green river"
"greenbelt","greenbelt"
"greeneville","greeneville"
"greenfield","greenfield"
"greensboro","greensboro"
"greensburg","greensburg"
"greenville","greenville"
"greenwich","greenwich"
"greenwood","greenwood"
"grenada","grenada"
"gretna","gretna"
"grinnell","grinnell"
"grosse pointe","grosse pointe"
"groton","groton"
"guilford","guilford"
"gulfport","gulfport"
"gunnison","gunnison"
"guntersville","guntersville"
"guthrie","guthrie"
"guymon","guymon"
"hackensack","hackensack"
"haddonfield","haddonfield"
"hagerstown","hagerstown"
"haines","haines"
"halifax","halifax"
"hallandale beach","hallandale beach"
"hamden","hamden"
"hamilton","hamilton"
"hammond","hammond"
"hammondsport","hammondsport"
"hampton","hampton"
"hanalei","hanalei"
"hancock","hancock"
"hannibal","hannibal"
"hanover","hanover"
"harlan","harlan"
"harlem","harlem"
"harlingen","harlingen"
"harmony","harmony"
"harpers ferry","harpers ferry"
"harrisburg","harrisburg"
"harrison","harrison"
"harrodsburg","harrodsburg"
"hartford","hartford"
"hartsville","hartsville"
"harwich","harwich"
"hastings","hastings"
"hattiesburg","hattiesburg"
"haverhill","haverhill"
"havre","havre"
"hawaii","hawaii"
"hays","hays"
"hayward","hayward"
"hazard","hazard"
"hazleton","hazleton"
"heber city","heber city"
"helena","helena"
"hempstead","hempstead"
"henderson","henderson"
"herkimer","herkimer"
"herrin","herrin"
"hershey","hershey"
"hialeah","hialeah"
"hibbing","hibbing"
"hickory","hickory"
"high point","high point"
"highland park","highland park"
"hillsboro","hillsboro"
"hillsborough","hillsborough"
"hilo","hilo"
"hingham","hingham"
"hinton","hinton"
"hobart","hobart"
"hobbs","hobbs"
"hoboken","hoboken"
"hodgenville","hodgenville"
"holdenville","holdenville"
"holland","holland"
"holly springs","holly springs"
"hollywood","hollywood"
"holyoke","holyoke"
"homer","homer"
"homestead","homestead"
"honaunau","honaunau"
"honesdale","honesdale"
"honolulu","honolulu"
"hood river","hood river"
"hope","hope"
"hopewell","hopewell"
"hopkinsville","hopkinsville"
"hoquiam","hoquiam"
"hot springs","hot springs"
"houghton","houghton"
"houlton","houlton"
"houma","houma"
"houston","houston"
"hudson","hudson"
"hugo","hugo"
"huntington","huntington"
"huntington beach","huntington beach"
"huntsville","huntsville"
"huron","huron"
"hutchinson","hutchinson"
"hyannis","hyannis"
"hyattsville","hyattsville"
"hyde park","hyde park"
"idaho","idaho"
"idaho city","idaho city"
"idaho falls","idaho falls"
"ilion","ilion"
"illinois","illinois"
"independence","independence"
"indiana","indiana"
"indianapolis","indianapolis"
"indianola","indianola"
"indio","indio"
"inglewood","inglewood"
"interlochen","interlochen"
"international falls","international falls"
"iowa","iowa"
"iowa city","iowa city"
"ipswich","ipswich"
"iron mountain","iron mountain"
"ironwood","ironwood"
"irvine","irvine"
"irving","irving"
"irvington","irvington"
"ishpeming","ishpeming"
"ithaca","ithaca"
"jackson","jackson"
"jacksonville","jacksonville"
"jamestown","jamestown"
"janesville","janesville"
"jasper","jasper"
"jeannette","jeannette"
"jefferson city","jefferson city"
"jeffersonville","jeffersonville"
"jersey city","jersey city"
"jim thorpe","jim thorpe"
"john day","john day"
"johnson city","johnson city"
"johnstown","johnstown"
"joliet","joliet"
"jonesboro","jonesboro"
"jonesborough","jonesborough"
"joplin","joplin"
"junction city","junction city"
"juneau","juneau"
"kahului","kahului"
"kalamazoo","kalamazoo"
"kalispell","kalispell"
"kanab","kanab"
"kaneohe","kaneohe"
"kankakee","kankakee"
"kansas","kansas"
"kansas city","kansas city"
"kapaa","kapaa"
"kaskaskia","kaskaskia"
"kawaihae","kawaihae"
"kearney","kearney"
"keene","keene"
"kellogg","kellogg"
"kelso","kelso"
"kennebunkport","kennebunkport"
"kennewick","kennewick"
"kenosha","kenosha"
"kent","kent"
"kentucky","kentucky"
"keokuk","keokuk"
"ketchikan","ketchikan"
"kettering","kettering"
"kewanee","kewanee"
"key west","key west"
"keyser","keyser"
"kilgore","kilgore"
"killeen","killeen"
"kingman","kingman"
"kingsport","kingsport"
"kingston","kingston"
"kingsville","kingsville"
"kinston","kinston"
"kirksville","kirksville"
"kittery","kittery"
"kitty hawk","kitty hawk"
"klamath falls","klamath falls"
"knoxville","knoxville"
"kodiak","kodiak"
"kokomo","kokomo"
"kotzebue","kotzebue"
"la crosse","la crosse"
"la grande","la grande"
"la grange","la grange"
"la habra","la habra"
"la junta","la junta"
"la salle","la salle"
"lackawanna","lackawanna"
"laconia","laconia"
"lafayette","lafayette"
"laguna beach","laguna beach"
"lahaina","lahaina"
"laie","laie"
"lake charles","lake charles"
"lake city","lake city"
"lake forest","lake forest"
"lake geneva","lake geneva"
"lake havasu city","lake havasu city"
"lake oswego","lake oswego"
"lake placid","lake placid"
"lake wales","lake wales"
"lakehurst","lakehurst"
"lakeland","lakeland"
"lakeview","lakeview"
"lakewood","lakewood"
"lamar","lamar"
"lancaster","lancaster"
"lander","lander"
"lansing","lansing"
"laramie","laramie"
"laredo","laredo"
"largo","largo"
"las cruces","las cruces"
"las vegas","las vegas"
"laurel","laurel"
"lawrence","lawrence"
"lawton","lawton"
"layton","layton"
"lead","lead"
"leadville","leadville"
"leavenworth","leavenworth"
"lebanon","lebanon"
"lehi","lehi"
"lenox","lenox"
"leominster","leominster"
"levittown","levittown"
"lewes","lewes"
"lewisburg","lewisburg"
"lewiston","lewiston"
"lewistown","lewistown"
"lexington","lexington"
"liberal","liberal"
"libertyville","libertyville"
"lima","lima"
"lincoln","lincoln"
"lisle","lisle"
"litchfield","litchfield"
"little falls","little falls"
"little rock","little rock"
"littleton","littleton"
"livermore","livermore"
"livingston","livingston"
"livonia","livonia"
"lock haven","lock haven"
"lockport","lockport"
"lodi","lodi"
"logan","logan"
"lombard","lombard"
"lompoc","lompoc"
"long beach","long beach"
"long branch","long branch"
"longmont","longmont"
"longview","longview"
"lorain","lorain"
"los alamos","los alamos"
"los angeles","los angeles"
"louisiana","louisiana"
"louisville","louisville"
"loveland","loveland"
"lovington","lovington"
"lowell","lowell"
"lower southampton","lower southampton"
"lubbock","lubbock"
"lubec","lubec"
"ludington","ludington"
"ludlow","ludlow"
"lufkin","lufkin"
"lumberton","lumberton"
"lynchburg","lynchburg"
"lynn","lynn"
"machias","machias"
"mackinaw city","mackinaw city"
"macomb","macomb"
"macon","macon"
"madison","madison"
"magnolia","magnolia"
"maine","maine"
"malden","malden"
"malibu","malibu"
"mamaroneck","mamaroneck"
"manassas","manassas"
"manchester","manchester"
"mandan","mandan"
"manhattan","manhattan"
"manistee","manistee"
"manitowoc","manitowoc"
"mankato","mankato"
"mansfield","mansfield"
"manti","manti"
"marblehead","marblehead"
"marietta","marietta"
"marinette","marinette"
"marion","marion"
"marlborough","marlborough"
"marquette","marquette"
"marshall","marshall"
"martinez","martinez"
"martins ferry","martins ferry"
"martinsburg","martinsburg"
"martinsville","martinsville"
"maryland","maryland"
"marysville","marysville"
"maryville","maryville"
"mason city","mason city"
"massachusetts","massachusetts"
"massena","massena"
"massillon","massillon"
"mattoon","mattoon"
"mayfield","mayfield"
"maysville","maysville"
"mcalester","mcalester"
"mcallen","mcallen"
"mccook","mccook"
"mckeesport","mckeesport"
"mckinney","mckinney"
"mcminnville","mcminnville"
"mcpherson","mcpherson"
"meadville","meadville"
"medford","medford"
"medicine lodge","medicine lodge"
"melbourne","melbourne"
"memphis","memphis"
"menasha","menasha"
"menlo park","menlo park"
"menominee","menominee"
"mentor","mentor"
"merced","merced"
"meriden","meriden"
"meridian","meridian"
"mesa","mesa"
"mesquite","mesquite"
"mexico","mexico"
"miami","miami"
"miami beach","miami beach"
"michigan","michigan"
"michigan city","michigan city"
"middlebury","middlebury"
"middlesboro","middlesboro"
"middletown","middletown"
"midland","midland"
"midwest city","midwest city"
"milan","milan"
"milbank","milbank"
"miles city","miles city"
"milford","milford"
"millburn","millburn"
"milledgeville","milledgeville"
"millville","millville"
"milton","milton"
"milwaukee","milwaukee"
"minden","minden"
"mineola","mineola"
"minneapolis","minneapolis"
"minnesota","minnesota"
"minot","minot"
"mishawaka","mishawaka"
"mission","mission"
"mississippi","mississippi"
"missoula","missoula"
"missouri","missouri"
"mitchell","mitchell"
"moab","moab"
"mobile","mobile"
"mobridge","mobridge"
"modesto","modesto"
"moline","moline"
"monett","monett"
"monmouth","monmouth"
"monroe","monroe"
"monroeville","monroeville"
"montana","montana"
"montclair","montclair"
"monterey","monterey"
"montgomery","montgomery"
"monticello","monticello"
"montpelier","montpelier"
"montrose","montrose"
"moore","moore"
"moorhead","moorhead"
"morehead city","morehead city"
"morgan city","morgan city"
"morganton","morganton"
"morgantown","morgantown"
"morrilton","morrilton"
"morristown","morristown"
"moscow","moscow"
"moses lake","moses lake"
"moundsville","moundsville"
"mount clemens","mount clemens"
"mount holly","mount holly"
"mount pleasant","mount pleasant"
"mount vernon","mount vernon"
"mountain view","mountain view"
"muncie","muncie"
"mundelein","mundelein"
"murfreesboro","murfreesboro"
"murray","murray"
"muscatine","muscatine"
"muskegon","muskegon"
"muskogee","muskogee"
"myrtle beach","myrtle beach"
"mystic","mystic"
"nacogdoches","nacogdoches"
"nags head","nags head"
"nahant","nahant"
"nampa","nampa"
"nanticoke","nanticoke"
"napa","napa"
"naperville","naperville"
"naples","naples"
"nappanee","nappanee"
"narragansett","narragansett"
"nashua","nashua"
"nashville","nashville"
"natchez","natchez"
"natchitoches","natchitoches"
"natick","natick"
"naugatuck","naugatuck"
"nauvoo","nauvoo"
"nebraska","nebraska"
"nebraska city","nebraska city"
"needles","needles"
"neenah","neenah"
"neosho","neosho"
"nephi","nephi"
"nevada","nevada"
"new albany","new albany"
"new bedford","new bedford"
"new bern","new bern"
"new braunfels","new braunfels"
"new britain","new britain"
"new brunswick","new brunswick"
"new castle","new castle"
"new glarus","new glarus"
"new hampshire","new hampshire"
"new harmony","new harmony"
"new haven","new haven"
"new hope","new hope"
"new iberia","new iberia"
"new jersey","new jersey"
"new kensington","new kensington"
"new london","new london"
"new madrid","new madrid"
"new market","new market"
"new martinsville","new martinsville"
"new mexico","new mexico"
"new milford","new milford"
"new orleans","new orleans"
"new paltz","new paltz"
"new philadelphia","new philadelphia"
"new rochelle","new rochelle"
"new smyrna beach","new smyrna beach"
"new ulm","new ulm"
"new windsor","new windsor"
"new york","new york"
"new york city","new york city"
"newark","newark"
"newberg","newberg"
"newburgh","newburgh"
"newburyport","newburyport"
"newcastle","newcastle"
"newport","newport"
"newport beach","newport beach"
"newport news","newport news"
"newton","newton"
"niagara falls","niagara falls"
"niles","niles"
"nogales","nogales"
"nome","nome"
"norfolk","norfolk"
"normal","normal"
"norman","norman"
"norris","norris"
"norristown","norristown"
"north adams","north adams"
"north carolina","north carolina"
"north chicago","north chicago"
"north college hill","north college hill"
"north dakota","north dakota"
"north haven","north haven"
"north hempstead","north hempstead"
"north kingstown","north kingstown"
"north las vegas","north las vegas"
"north little rock","north little rock"
"north platte","north platte"
"northampton","northampton"
"northfield","northfield"
"norton","norton"
"norwalk","norwalk"
"norwich","norwich"
"norwood","norwood"
"novato","novato"
"nyack","nyack"
"oak harbor","oak harbor"
"oak park","oak park"
"oak ridge","oak ridge"
"oakland","oakland"
"oberlin","oberlin"
"ocala","ocala"
"ocean city","ocean city"
"ocean springs","ocean springs"
"oceanside","oceanside"
"oconto","oconto"
"odessa","odessa"
"ogden","ogden"
"ogdensburg","ogdensburg"
"ohio","ohio"
"oil city","oil city"
"ojai","ojai"
"oklahoma","oklahoma"
"oklahoma city","oklahoma city"
"okmulgee","okmulgee"
"olathe","olathe"
"old saybrook","old saybrook"
"olean","olean"
"olympia","olympia"
"omaha","omaha"
"oneida","oneida"
"oneonta","oneonta"
"ontario","ontario"
"opelika","opelika"
"opelousas","opelousas"
"oraibi","oraibi"
"orange","orange"
"orangeburg","orangeburg"
"orderville","orderville"
"oregon","oregon"
"oregon city","oregon city"
"orem","orem"
"orlando","orlando"
"ormond beach","ormond beach"
"orono","orono"
"oroville","oroville"
"osawatomie","osawatomie"
"osceola","osceola"
"oshkosh","oshkosh"
"oskaloosa","oskaloosa"
"ossining","ossining"
"oswego","oswego"
"ottawa","ottawa"
"ottumwa","ottumwa"
"ouray","ouray"
"overland park","overland park"
"owatonna","owatonna"
"owensboro","owensboro"
"oxford","oxford"
"oxnard","oxnard"
"oyster bay","oyster bay"
"ozark","ozark"
"pacific grove","pacific grove"
"paducah","paducah"
"pagosa springs","pagosa springs"
"painesville","painesville"
"palatine","palatine"
"palatka","palatka"
"palm bay","palm bay"
"palm beach","palm beach"
"palm springs","palm springs"
"palmdale","palmdale"
"palmer","palmer"
"palmyra","palmyra"
"palo alto","palo alto"
"pampa","pampa"
"panama city","panama city"
"panguitch","panguitch"
"paris","paris"
"park city","park city"
"park forest","park forest"
"park ridge","park ridge"
"parkersburg","parkersburg"
"parma","parma"
"parsippany–troy hills","parsippany–troy hills"
"pasadena","pasadena"
"pascagoula","pascagoula"
"pasco","pasco"
"pass christian","pass christian"
"passaic","passaic"
"paterson","paterson"
"pauls valley","pauls valley"
"pawhuska","pawhuska"
"pawtucket","pawtucket"
"payson","payson"
"peabody","peabody"
"pecos","pecos"
"peekskill","peekskill"
"pekin","pekin"
"pendleton","pendleton"
"pennsylvania","pennsylvania"
"pensacola","pensacola"
"peoria","peoria"
"perry","perry"
"perth amboy","perth amboy"
"peru","peru"
"peshtigo","peshtigo"
"petaluma","petaluma"
"peterborough","peterborough"
"petersburg","petersburg"
"petoskey","petoskey"
"pharr","pharr"
"phenix city","phenix city"
"philadelphia","philadelphia"
"philippi","philippi"
"phoenix","phoenix"
"phoenixville","phoenixville"
"pierre","pierre"
"pine bluff","pine bluff"
"pinehurst","pinehurst"
"pipestone","pipestone"
"piqua","piqua"
"pittsburg","pittsburg"
"pittsburgh","pittsburgh"
"pittsfield","pittsfield"
"plainfield","plainfield"
"plains","plains"
"plainview","plainview"
"plano","plano"
"plattsburgh","plattsburgh"
"plattsmouth","plattsmouth"
"plymouth","plymouth"
"pocatello","pocatello"
"point pleasant","point pleasant"
"point roberts","point roberts"
"pomona","pomona"
"pompano beach","pompano beach"
"ponca city","ponca city"
"pontiac","pontiac"
"port angeles","port angeles"
"port arthur","port arthur"
"port gibson","port gibson"
"port hueneme","port hueneme"
"port huron","port huron"
"port lavaca","port lavaca"
"port orford","port orford"
"port washington","port washington"
"portage","portage"
"portales","portales"
"portland","portland"
"portsmouth","portsmouth"
"potsdam","potsdam"
"pottstown","pottstown"
"pottsville","pottsville"
"poughkeepsie","poughkeepsie"
"powell","powell"
"prairie du chien","prairie du chien"
"prescott","prescott"
"presque isle","presque isle"
"price","price"
"prichard","prichard"
"priest river","priest river"
"princeton","princeton"
"prineville","prineville"
"providence","providence"
"provincetown","provincetown"
"provo","provo"
"pryor","pryor"
"pueblo","pueblo"
"pullman","pullman"
"put in bay","put in bay"
"puyallup","puyallup"
"queens","queens"
"quincy","quincy"
"racine","racine"
"raleigh","raleigh"
"rancho cucamonga","rancho cucamonga"
"randolph","randolph"
"rantoul","rantoul"
"rapid city","rapid city"
"raton","raton"
"rawlins","rawlins"
"reading","reading"
"red bluff","red bluff"
"red cloud","red cloud"
"red wing","red wing"
"redding","redding"
"redlands","redlands"
"redmond","redmond"
"redondo beach","redondo beach"
"redwood city","redwood city"
"reedsport","reedsport"
"reno","reno"
"rensselaer","rensselaer"
"renton","renton"
"reston","reston"
"revere","revere"
"rexburg","rexburg"
"rhinelander","rhinelander"
"rhode island","rhode island"
"richardson","richardson"
"richland","richland"
"richmond","richmond"
"ridgewood","ridgewood"
"ripon","ripon"
"river forest","river forest"
"riverside","riverside"
"riverton","riverton"
"roanoke","roanoke"
"rochester","rochester"
"rock hill","rock hill"
"rock island","rock island"
"rock springs","rock springs"
"rockford","rockford"
"rockland","rockland"
"rockville","rockville"
"rocky mount","rocky mount"
"rogers","rogers"
"rolla","rolla"
"rome","rome"
"romney","romney"
"roseburg","roseburg"
"roselle","roselle"
"roseville","roseville"
"roswell","roswell"
"rotterdam","rotterdam"
"royal oak","royal oak"
"rugby","rugby"
"rumford","rumford"
"ruston","ruston"
"rutherford","rutherford"
"rutland","rutland"
"rye","rye"
"saco","saco"
"sacramento","sacramento"
"sag harbor","sag harbor"
"saginaw","saginaw"
"saint albans","saint albans"
"saint augustine","saint augustine"
"saint charles","saint charles"
"saint cloud","saint cloud"
"saint george","saint george"
"saint ignace","saint ignace"
"saint johnsbury","saint johnsbury"
"saint joseph","saint joseph"
"saint louis","saint louis"
"saint martinville","saint martinville"
"saint marys city","saint marys city"
"saint paul","saint paul"
"saint petersburg","saint petersburg"
"sainte genevieve","sainte genevieve"
"salem","salem"
"salina","salina"
"salinas","salinas"
"salisbury","salisbury"
"sallisaw","sallisaw"
"salt lake city","salt lake city"
"san angelo","san angelo"
"san antonio","san antonio"
"san bernardino","san bernardino"
"san clemente","san clemente"
"san diego","san diego"
"san felipe","san felipe"
"san fernando","san fernando"
"san francisco","san francisco"
"san gabriel","san gabriel"
"san jose","san jose"
"san juan capistrano","san juan capistrano"
"san leandro","san leandro"
"san luis obispo","san luis obispo"
"san marcos","san marcos"
"san marino","san marino"
"san mateo","san mateo"
"san pedro","san pedro"
"san rafael","san rafael"
"san simeon","san simeon"
"sand springs","sand springs"
"sandusky","sandusky"
"sandwich","sandwich"
"sanford","sanford"
"santa ana","santa ana"
"santa barbara","santa barbara"
"santa clara","santa clara"
"santa clarita","santa clarita"
"santa claus","santa claus"
"santa cruz","santa cruz"
"santa fe","santa fe"
"santa monica","santa monica"
"santa rosa","santa rosa"
"sapulpa","sapulpa"
"saranac lake","saranac lake"
"sarasota","sarasota"
"saratoga springs","saratoga springs"
"saugus","saugus"
"sauk centre","sauk centre"
"sault sainte marie","sault sainte marie"
"sausalito","sausalito"
"savannah","savannah"
"scarborough","scarborough"
"scarsdale","scarsdale"
"schenectady","schenectady"
"scottsboro","scottsboro"
"scottsdale","scottsdale"
"scranton","scranton"
"searcy","searcy"
"seaside","seaside"
"seattle","seattle"
"sebring","sebring"
"sedalia","sedalia"
"selma","selma"
"seminole","seminole"
"seneca falls","seneca falls"
"seward","seward"
"seymour","seymour"
"shaker heights","shaker heights"
"shamokin","shamokin"
"sharon","sharon"
"shawnee","shawnee"
"shawneetown","shawneetown"
"sheboygan","sheboygan"
"sheffield","sheffield"
"shelby","shelby"
"shelbyville","shelbyville"
"shelton","shelton"
"shepherdstown","shepherdstown"
"sheridan","sheridan"
"sherman","sherman"
"shiprock","shiprock"
"shreveport","shreveport"
"sidney","sidney"
"sierra vista","sierra vista"
"silver city","silver city"
"silver spring","silver spring"
"silverton","silverton"
"simi valley","simi valley"
"simsbury","simsbury"
"sioux city","sioux city"
"sioux falls","sioux falls"
"sitka","sitka"
"skagway","skagway"
"skokie","skokie"
"smith center","smith center"
"smyrna","smyrna"
"socorro","socorro"
"somersworth","somersworth"
"somerville","somerville"
"sonoma","sonoma"
"south bend","south bend"
"south carolina","south carolina"
"south charleston","south charleston"
"south dakota","south dakota"
"south hadley","south hadley"
"south holland","south holland"
"south kingstown","south kingstown"
"south orange village","south orange village"
"south saint paul","south saint paul"
"south san francisco","south san francisco"
"southampton","southampton"
"southington","southington"
"spanish fork","spanish fork"
"sparks","sparks"
"spartanburg","spartanburg"
"spearfish","spearfish"
"spokane","spokane"
"spring green","spring green"
"springfield","springfield"
"springville","springville"
"stamford","stamford"
"starkville","starkville"
"state college","state college"
"staten island","staten island"
"staunton","staunton"
"steamboat springs","steamboat springs"
"sterling","sterling"
"steubenville","steubenville"
"stevens point","stevens point"
"stillwater","stillwater"
"stockbridge","stockbridge"
"stockton","stockton"
"stonington","stonington"
"stony brook","stony brook"
"stony point","stony point"
"stoughton","stoughton"
"stratford","stratford"
"streator","streator"
"stroudsburg","stroudsburg"
"sturbridge","sturbridge"
"sturgeon bay","sturgeon bay"
"sturgis","sturgis"
"stuttgart","stuttgart"
"sudbury","sudbury"
"suffolk","suffolk"
"summersville","summersville"
"summit","summit"
"sumter","sumter"
"sun valley","sun valley"
"sunbury","sunbury"
"sunnyvale","sunnyvale"
"superior","superior"
"susanville","susanville"
"swarthmore","swarthmore"
"sweetwater","sweetwater"
"sylacauga","sylacauga"
"syracuse","syracuse"
"tacoma","tacoma"
"tahlequah","tahlequah"
"takoma park","takoma park"
"talladega","talladega"
"tallahassee","tallahassee"
"tamaqua","tamaqua"
"tampa","tampa"
"taos","taos"
"tarpon springs","tarpon springs"
"tarrytown","tarrytown"
"taunton","taunton"
"telluride","telluride"
"tempe","tempe"
"temple","temple"
"ten sleep","ten sleep"
"tennessee","tennessee"
"terre haute","terre haute"
"tewksbury","tewksbury"
"texarkana","texarkana"
"texas","texas"
"texas city","texas city"
"the dalles","the dalles"
"the village","the village"
"thermopolis","thermopolis"
"thibodaux","thibodaux"
"thousand oaks","thousand oaks"
"ticonderoga","ticonderoga"
"tiffin","tiffin"
"tillamook","tillamook"
"titusville","titusville"
"tiverton","tiverton"
"toccoa","toccoa"
"toledo","toledo"
"tombstone","tombstone"
"tonawanda","tonawanda"
"tooele","tooele"
"topeka","topeka"
"torrance","torrance"
"torrington","torrington"
"totowa","totowa"
"towson","towson"
"traverse city","traverse city"
"trenton","trenton"
"trinidad","trinidad"
"troy","troy"
"truro","truro"
"truth or consequences","truth or consequences"
"tucson","tucson"
"tucumcari","tucumcari"
"tullahoma","tullahoma"
"tulsa","tulsa"
"tupelo","tupelo"
"turlock","turlock"
"tuscaloosa","tuscaloosa"
"tuscumbia","tuscumbia"
"tuskegee","tuskegee"
"twin falls","twin falls"
"tyler","tyler"
"ukiah","ukiah"
"union","union"
"union city","union city"
"uniontown","uniontown"
"urbana","urbana"
"utah","utah"
"utica","utica"
"uvalde","uvalde"
"vail","vail"
"valdez","valdez"
"valdosta","valdosta"
"vallejo","vallejo"
"valley city","valley city"
"valparaiso","valparaiso"
"van buren","van buren"
"vancouver","vancouver"
"vandalia","vandalia"
"venice","venice"
"ventura","ventura"
"vermillion","vermillion"
"vermont","vermont"
"vernal","vernal"
"vicksburg","vicksburg"
"victoria","victoria"
"victorville","victorville"
"vincennes","vincennes"
"vineland","vineland"
"vinita","vinita"
"virden","virden"
"virginia","virginia"
"virginia beach","virginia beach"
"virginia city","virginia city"
"visalia","visalia"
"wabash","wabash"
"waco","waco"
"wahiawa","wahiawa"
"wahpeton","wahpeton"
"wailuku","wailuku"
"waimea","waimea"
"walla walla","walla walla"
"wallingford","wallingford"
"walnut creek","walnut creek"
"walpi","walpi"
"walsenburg","walsenburg"
"warm springs","warm springs"
"warner robins","warner robins"
"warren","warren"
"warrensburg","warrensburg"
"warwick","warwick"
"washington","washington"
"waterbury","waterbury"
"waterford","waterford"
"waterloo","waterloo"
"watertown","watertown"
"waterville","waterville"
"watervliet","watervliet"
"watkins glen","watkins glen"
"watts","watts"
"waukegan","waukegan"
"waukesha","waukesha"
"wausau","wausau"
"wauwatosa","wauwatosa"
"waycross","waycross"
"wayne","wayne"
"waynesboro","waynesboro"
"weatherford","weatherford"
"webster","webster"
"webster city","webster city"
"weehawken","weehawken"
"weirton","weirton"
"welch","welch"
"wellesley","wellesley"
"wellfleet","wellfleet"
"wellsburg","wellsburg"
"wenatchee","wenatchee"
"west allis","west allis"
"west bend","west bend"
"west bridgewater","west bridgewater"
"west chester","west chester"
"west covina","west covina"
"west des moines","west des moines"
"west hartford","west hartford"
"west haven","west haven"
"west lafayette","west lafayette"
"west memphis","west memphis"
"west new york","west new york"
"west orange","west orange"
"west palm beach","west palm beach"
"west plains","west plains"
"west point","west point"
"west seneca","west seneca"
"west springfield","west springfield"
"west virginia","west virginia"
"westerly","westerly"
"westfield","westfield"
"westminster","westminster"
"weston","weston"
"westport","westport"
"wethersfield","wethersfield"
"wewoka","wewoka"
"weymouth","weymouth"
"wheaton","wheaton"
"wheeling","wheeling"
"white plains","white plains"
"white springs","white springs"
"white sulphur springs","white sulphur springs"
"whitman","whitman"
"whittier","whittier"
"wichita","wichita"
"wichita falls","wichita falls"
"wickford","wickford"
"wilkes barre","wilkes barre"
"williamsburg","williamsburg"
"williamson","williamson"
"williamsport","williamsport"
"williamstown","williamstown"
"willimantic","willimantic"
"willingboro","willingboro"
"williston","williston"
"willmar","willmar"
"wilmette","wilmette"
"wilmington","wilmington"
"wilson","wilson"
"winchester","winchester"
"windham","windham"
"window rock","window rock"
"windsor","windsor"
"windsor locks","windsor locks"
"winnemucca","winnemucca"
"winnetka","winnetka"
"winona","winona"
"winooski","winooski"
"winslow","winslow"
"winsted","winsted"
"winston salem","winston salem"
"winter haven","winter haven"
"winter park","winter park"
"wisconsin","wisconsin"
"wisconsin dells","wisconsin dells"
"woburn","woburn"
"wood river","wood river"
"woodbridge","woodbridge"
"woodland","woodland"
"woods hole","woods hole"
"woodstock","woodstock"
"woodward","woodward"
"woonsocket","woonsocket"
"wooster","wooster"
"worcester","worcester"
"worland","worland"
"worthington","worthington"
"wyandotte","wyandotte"
"wyoming","wyoming"
"xenia","xenia"
"yakima","yakima"
"yankton","yankton"
"yazoo city","yazoo city"
"yellow springs","yellow springs"
"yonkers","yonkers"
"yorba linda","yorba linda"
"york","york"
"youngstown","youngstown"
"ypsilanti","ypsilanti"
"ysleta","ysleta"
"yuba city","yuba city"
"yuma","yuma"
"zanesville","zanesville"
"zion","zion"